<?xml version="1.0" encoding="UTF-8"?>
<project-private xmlns="http://www.netbeans.org/ns/project-private/1">
    <editor-bookmarks xmlns="http://www.netbeans.org/ns/editor-bookmarks/2" lastBookmarkId="0"/>
    <open-files xmlns="http://www.netbeans.org/ns/projectui-open-files/2">
        <group>
            <file>file:/C:/Users/Mariem%20Adel/Desktop/uni/compiler/src/compiler/CodeGenerator.java</file>
            <file>file:/C:/Users/Mariem%20Adel/Desktop/uni/compiler/src/compiler/Tag.java</file>
            <file>file:/C:/Users/Mariem%20Adel/Desktop/uni/compiler/src/compiler/Keyword.java</file>
            <file>file:/C:/Users/Mariem%20Adel/Desktop/uni/compiler/src/compiler/Compiler.java</file>
            <file>file:/C:/Users/Mariem%20Adel/Desktop/uni/compiler/src/compiler/Lexer.java</file>
            <file>file:/C:/Users/Mariem%20Adel/Desktop/uni/compiler/src/compiler/InfixToPostFixEvalution.java</file>
            <file>file:/C:/Users/Mariem%20Adel/Desktop/uni/compiler/src/compiler/Parser.java</file>
        </group>
    </open-files>
</project-private>
